Year,Total Ozone
2017,38310.40833333333
2018,40118.416666666664
2019,53459.316666666666
2020,55226.20833333333
2021,87336.38500000001
2022,88991.12166666667
2023,88896.655
